Date,Div,MAU,Act_p,Act_f,Act_t_s
2017-01-01,办公商务,32667.49,0.3189,62.12,295.94
2017-01-01,出行服务,55524.21,0.542,45.24,120.93
2017-01-01,电话通讯,10912.56,0.1065,59.04,117.61
2017-01-01,房产服务,1253.33,0.012199999999999999,34.85,66.96
2017-01-01,健康美容,5366.63,0.0524,49.87,116.28
2017-01-01,教育学习,23877.01,0.23309999999999997,40.89,143.3
2017-01-01,金融理财,64476.17,0.6294,86.42,103.38
2017-01-01,旅游服务,10088.39,0.09849999999999999,27.06,45.95
2017-01-01,拍摄美化,38629.66,0.3771,29.44,52.24
2017-01-01,汽车服务,12652.35,0.1235,27.01,112.83
2017-01-01,生活服务,50129.81,0.4894,39.21,69.52
2017-01-01,实用工具,40384.75,0.3942,47.9,134.37
2017-01-01,手机游戏,68484.76,0.6686,137.9,931.43
2017-01-01,数字阅读,29949.89,0.2924,74.21,540.91
2017-01-01,系统工具,86517.19,0.8445999999999999,1816.51,1213.67
2017-01-01,新闻资讯,51173.57,0.4996,106.05,905.82
2017-01-01,医疗服务,1749.9,0.0171,38.31,101.74
2017-01-01,移动购物,60687.5,0.5924,66.86,212.87
2017-01-01,移动社交,96672.84,0.9437000000000001,1539.91,2691.49
2017-01-01,移动视频,89945.44,0.8781,127.13,1031.87
2017-01-01,移动音乐,59449.17,0.5803,109.59,405.06
2017-01-01,育儿母婴,8290.41,0.0809,28.06,118.28
2017-01-01,智能设备,6493.52,0.0634,17.52,36.74
2017-01-01,主题美化,12253.34,0.11960000000000001,322.35,423.2
2017-02-01,办公商务,31858.78,0.3091,55.06,252.91
2017-02-01,出行服务,56937.61,0.5524,41.93,115.26
2017-02-01,电话通讯,11227.64,0.10890000000000001,51.06,108.88
2017-02-01,房产服务,1791.81,0.0174,38.93,80.27
2017-02-01,健康美容,6236.6,0.0605,47.97,100
2017-02-01,教育学习,24906.94,0.24170000000000003,38.63,133.16
2017-02-01,金融理财,61325.03,0.595,70.13,84.86
2017-02-01,旅游服务,9691.69,0.094,23.74,40.14
2017-02-01,拍摄美化,36802.88,0.35710000000000003,27.81,49.63
2017-02-01,汽车服务,14094.71,0.1368,27.03,118.33
2017-02-01,生活服务,51224.47,0.49700000000000005,40.77,94.05
2017-02-01,实用工具,40101.24,0.38909999999999995,42.69,117.5
2017-02-01,手机游戏,65503.2,0.6355,124.46,866.89
2017-02-01,数字阅读,29768.87,0.2888,68.08,512.84
2017-02-01,系统工具,86530.61,0.8395999999999999,1753.08,1183.17
2017-02-01,新闻资讯,51562.51,0.5003,110.62,876.27
2017-02-01,医疗服务,1820.05,0.0177,37.86,101.61
2017-02-01,移动购物,64341.17,0.6243,65.74,222.52
2017-02-01,移动社交,97335.3,0.9444,1408.5,2534.79
2017-02-01,移动视频,89869.45,0.872,118.43,970.28
2017-02-01,移动音乐,58450.02,0.5671,98.07,361.05
2017-02-01,育儿母婴,8426.56,0.0818,25.28,113.57
2017-02-01,智能设备,6445.91,0.0625,17.72,40.75
2017-02-01,主题美化,11262.87,0.1093,280.87,359.47
2017-03-01,办公商务,33568.32,0.3232,61.89,268.99
2017-03-01,出行服务,58421.48,0.5624,43.97,122.66
2017-03-01,电话通讯,11491.24,0.1106,57.08,115.72
2017-03-01,房产服务,1869.87,0.018000000000000002,49.85,99.01
2017-03-01,健康美容,8052.24,0.0775,53.29,104.77
2017-03-01,教育学习,27552.04,0.26530000000000004,46.16,153.04
2017-03-01,金融理财,63477.87,0.6111,83.94,103.46
2017-03-01,旅游服务,9711.59,0.0935,23.54,38.85
2017-03-01,拍摄美化,37059.48,0.3568,27.09,48.02
2017-03-01,汽车服务,14678.93,0.1413,29.8,129.9
2017-03-01,生活服务,51764.63,0.4984,46.23,87.31
2017-03-01,实用工具,40465.51,0.3896,48.93,131.46
2017-03-01,手机游戏,62585.9,0.6025,141.63,995.73
2017-03-01,数字阅读,30762.46,0.2962,74.17,544.73
2017-03-01,系统工具,88160.34,0.8487,1677.55,1229.23
2017-03-01,新闻资讯,52728.19,0.5075999999999999,117.73,956.32
2017-03-01,医疗服务,2016.3,0.0194,41.11,112.95
2017-03-01,移动购物,68165.6,0.6562,74.09,246.05
2017-03-01,移动社交,98535.23,0.9486,1509,2639.59
2017-03-01,移动视频,90898.72,0.8751000000000001,130.67,1062.43
2017-03-01,移动音乐,60097.01,0.5786,109.33,410.01
2017-03-01,育儿母婴,9183.01,0.08839999999999999,26.52,128.13
2017-03-01,智能设备,6642.02,0.0639,19.76,45.29
2017-03-01,主题美化,10258.93,0.09880000000000001,319.38,413.43
2017-04-01,办公商务,32409.02,0.31,60.25,261.67
2017-04-01,出行服务,60011.64,0.5740999999999999,106.37,407.78
2017-04-01,电话通讯,11577.92,0.1108,53.85,110.93
2017-04-01,房产服务,1796.89,0.0172,45.95,88.09
2017-04-01,健康美容,8608.2,0.0824,26.84,124.67
2017-04-01,教育学习,25558.62,0.2445,45.1,152.07
2017-04-01,金融理财,62153.8,0.5946,78.13,93.58
2017-04-01,旅游服务,9959.81,0.0953,24.32,40.48
2017-04-01,拍摄美化,37811.74,0.3617,27.47,49.18
2017-04-01,汽车服务,14163.52,0.1355,27.81,117.44
2017-04-01,生活服务,50780.02,0.4858,43.41,73.39
2017-04-01,实用工具,41416.71,0.3962,48.92,130.17
2017-04-01,手机游戏,61759.54,0.5908,44.23,124.93
2017-04-01,数字阅读,30634.25,0.29309999999999997,73.23,547.04
2017-04-01,系统工具,88587,0.8475,1571.57,1205.96
2017-04-01,新闻资讯,53594.58,0.5127,113.61,936.61
2017-04-01,医疗服务,2220.63,0.0212,37.37,103.39
2017-04-01,移动购物,68173.3,0.6522,71.97,238
2017-04-01,移动社交,99177.46,0.9488,1467.48,2517.63
2017-04-01,移动视频,91427.73,0.8745999999999999,133.76,1095.36
2017-04-01,移动音乐,61668.71,0.59,138.3,994.6
2017-04-01,育儿母婴,8692.34,0.0832,51.64,100.73
2017-04-01,智能设备,6432.26,0.061500000000000006,17.88,37.11
2017-04-01,主题美化,10136.73,0.09699999999999999,357.69,428.04
2017-05-01,办公商务,32075.66,0.30510000000000004,61.09,250.02
2017-05-01,出行服务,57136.83,0.5435,147.44,1061.97
2017-05-01,电话通讯,11608.4,0.1104,53.71,115.95
2017-05-01,房产服务,1731.69,0.0165,47.85,90.38
2017-05-01,健康美容,8416.49,0.0801,54.15,108.73
2017-05-01,教育学习,24563.57,0.2336,48.78,164.4
2017-05-01,金融理财,62832.7,0.5977,44.44,124.96
2017-05-01,旅游服务,9647.95,0.09179999999999999,25.08,40.49
2017-05-01,拍摄美化,34883.92,0.3318,29.17,53.07
2017-05-01,汽车服务,13941.02,0.1326,27.92,117.64
2017-05-01,生活服务,50088.53,0.4764,45.27,78.36
2017-05-01,实用工具,40083.66,0.38130000000000003,51.49,134.61
2017-05-01,手机游戏,61130.99,0.5815,107.91,411.68
2017-05-01,数字阅读,30464.66,0.2898,73.66,555.95
2017-05-01,系统工具,88904.6,0.8456999999999999,1669.13,1234.94
2017-05-01,新闻资讯,55276.09,0.5257999999999999,111.79,969.11
2017-05-01,医疗服务,2475.46,0.0235,34.28,95.42
2017-05-01,移动购物,67893.74,0.6457999999999999,75.72,252.68
2017-05-01,移动社交,99763.33,0.9489,1526.89,2610.79
2017-05-01,移动视频,92361.47,0.8785,139.54,1126.15
2017-05-01,移动音乐,60590.66,0.5763,79.46,95.85
2017-05-01,育儿母婴,8445.34,0.0803,28.68,135.74
2017-05-01,智能设备,6348.53,0.0604,17.92,33.15
2017-05-01,主题美化,9686.65,0.09210000000000002,320.95,414.75
2017-06-01,办公商务,33006.48,0.3123,59.71,200.21
2017-06-01,出行服务,57017.25,0.5394,141.58,1046.67
2017-06-01,电话通讯,11333.54,0.1072,51.53,114.92
2017-06-01,房产服务,1799.72,0.017,42.32,79.26
2017-06-01,健康美容,7833.23,0.0741,28.38,133.25
2017-06-01,教育学习,24154.25,0.2285,44.44,154.3
2017-06-01,金融理财,63166.86,0.5976,42.42,122.1
2017-06-01,旅游服务,9092.25,0.086,300.43,406.06
2017-06-01,拍摄美化,34368.19,0.32520000000000004,28.39,51.98
2017-06-01,汽车服务,13357.71,0.1264,27.88,119.59
2017-06-01,生活服务,51443.31,0.4867,46.21,81.68
2017-06-01,实用工具,39206.93,0.3709,50.9,136.41
2017-06-01,手机游戏,60785.52,0.5751,77.07,96.2
2017-06-01,数字阅读,30716.88,0.29059999999999997,73.14,557.43
2017-06-01,系统工具,89940.7,0.8509,1595.27,1188.42
2017-06-01,新闻资讯,53414.44,0.5054,106.09,945.5
2017-06-01,医疗服务,2397.41,0.0227,33.65,94
2017-06-01,移动购物,71273.37,0.6743000000000001,75.46,247.91
2017-06-01,移动社交,99896.77,0.9451,1478.77,2572.47
2017-06-01,移动视频,92479.85,0.875,142.07,1142.3
2017-06-01,移动音乐,60174.11,0.5693,106.11,415.18
2017-06-01,育儿母婴,7981.96,0.0755,51.14,107.74
2017-06-01,智能设备,6550.64,0.062,16.98,30.81
2017-06-01,主题美化,9488.38,0.0898,25.31,42.53
2017-07-01,办公商务,33538.32,0.316,57.78,177.33
2017-07-01,出行服务,65991.27,0.6217,44.06,128.85
2017-07-01,电话通讯,11295.8,0.10640000000000001,48.29,105.3
2017-07-01,房产服务,1811.14,0.0171,42.08,76.67
2017-07-01,健康美容,8129.84,0.0766,47.98,106.22
2017-07-01,教育学习,22843.58,0.2152,39.27,152.03
2017-07-01,金融理财,59895.17,0.5643,76.32,94.83
2017-07-01,旅游服务,10927.28,0.10289999999999999,27.14,47.47
2017-07-01,拍摄美化,36792.72,0.34659999999999996,29.21,54.18
2017-07-01,汽车服务,13382.76,0.1261,26.89,116.4
2017-07-01,生活服务,52609.42,0.49560000000000004,49.94,87.63
2017-07-01,实用工具,40361.3,0.38020000000000004,52.9,144.09
2017-07-01,手机游戏,65316.84,0.6153,153.9,1111.05
2017-07-01,数字阅读,32016.61,0.3016,77.28,601.35
2017-07-01,系统工具,89869.44,0.8467,1681.71,1279.51
2017-07-01,新闻资讯,53746.42,0.5063,113.8,962.93
2017-07-01,医疗服务,1950.33,0.0184,34.56,95.34
2017-07-01,移动购物,69684.89,0.6565000000000001,75.09,248.73
2017-07-01,移动社交,100458.52,0.9464,1464.88,2538.4
2017-07-01,移动视频,94893.01,0.894,157.52,1249.15
2017-07-01,移动音乐,61242.67,0.5770000000000001,107.73,423.76
2017-07-01,育儿母婴,7236.3,0.0682,27.39,126.37
2017-07-01,智能设备,6692.38,0.063,18.37,32.53
2017-07-01,主题美化,9462.17,0.0891,346.86,411.78
2017-08-01,办公商务,33235.92,0.3114,58.63,168.39
2017-08-01,出行服务,66563.22,0.6236,45.06,130.5
2017-08-01,电话通讯,11125.76,0.1042,47.34,105.72
2017-08-01,房产服务,1880.76,0.0176,42.56,79.54
2017-08-01,健康美容,7583.89,0.0711,50.01,112.25
2017-08-01,教育学习,22223.84,0.2082,38.14,148.8
2017-08-01,金融理财,61004.39,0.5715,78.73,101.01
2017-08-01,旅游服务,11609.28,0.10880000000000001,27.44,47.86
2017-08-01,拍摄美化,37144.62,0.348,29.68,55.47
2017-08-01,汽车服务,13756.67,0.12890000000000001,27.58,131.33
2017-08-01,生活服务,54059.34,0.5065,51.53,89.65
2017-08-01,实用工具,40222.47,0.3768,53.28,142.97
2017-08-01,手机游戏,65132.33,0.6102000000000001,155.74,1127.16
2017-08-01,数字阅读,32702.12,0.3064,76.63,605.02
2017-08-01,系统工具,90560.49,0.8484,1647.39,1270.75
2017-08-01,新闻资讯,54472.61,0.5103,116.83,988.13
2017-08-01,医疗服务,1997.76,0.0187,32.64,88.72
2017-08-01,移动购物,71004.3,0.6652,80.47,270.87
2017-08-01,移动社交,100797.43,0.9443,1455.57,2537.24
2017-08-01,移动视频,95109.47,0.8909999999999999,166.74,1304.24
2017-08-01,移动音乐,61291.08,0.5742,109.18,434.42
2017-08-01,育儿母婴,7209.77,0.0675,30.41,159.41
2017-08-01,智能设备,6814.97,0.0638,19.19,33.53
2017-08-01,主题美化,9071.96,0.085,314.36,376.98
2017-09-01,办公商务,34242.51,0.3191,56.91,155.35
2017-09-01,出行服务,67205.78,0.6264,44.82,129.72
2017-09-01,电话通讯,11413.63,0.10640000000000001,45.66,107.21
2017-09-01,房产服务,2002.2,0.0187,40.93,74.35
2017-09-01,健康美容,6889.74,0.0642,49.65,110.37
2017-09-01,教育学习,24480.97,0.22820000000000001,41.71,146.81
2017-09-01,金融理财,64579.07,0.6019,76.4,104.56
2017-09-01,旅游服务,10701.42,0.09970000000000001,26.88,45.5
2017-09-01,拍摄美化,33101.63,0.3085,27.25,50.55
2017-09-01,汽车服务,14996.15,0.1398,27.51,136.08
2017-09-01,生活服务,54432.44,0.5073,49.28,81.57
2017-09-01,实用工具,38524.31,0.3591,49.66,128.76
2017-09-01,手机游戏,56193.09,0.5236999999999999,146.71,1040.71
2017-09-01,数字阅读,32903.98,0.30670000000000003,66.9,508.14
2017-09-01,系统工具,91149.44,0.8495,1489.9,1160.17
2017-09-01,新闻资讯,55253.71,0.515,109.82,939.02
2017-09-01,医疗服务,2191.38,0.0204,30.56,83.19
2017-09-01,移动购物,73404.57,0.6840999999999999,80.38,265.54
2017-09-01,移动社交,101521.69,0.9462,1400.7,2432.13
2017-09-01,移动视频,94996.17,0.8854000000000001,152.99,1170.64
2017-09-01,移动音乐,60283.82,0.5619,103.73,404.19
2017-09-01,育儿母婴,7607.94,0.0709,32.6,193.34
2017-09-01,智能设备,7246.3,0.0675,19.37,34.18
2017-09-01,主题美化,8122.93,0.0757,276.06,344.95
2017-10-01,办公商务,34311.98,0.3185,57.12,167.41
2017-10-01,出行服务,66853.93,0.6204999999999999,45.65,138.29
2017-10-01,电话通讯,11427.83,0.1061,43.86,106.62
2017-10-01,房产服务,2121.1,0.0197,37.91,71.84
2017-10-01,健康美容,6369.13,0.0591,48.75,110.14
2017-10-01,教育学习,25887.77,0.2403,45.71,157.77
2017-10-01,金融理财,64621.05,0.5998,72.65,95.15
2017-10-01,旅游服务,10512.37,0.09759999999999999,25.98,45.44
2017-10-01,拍摄美化,35332.85,0.32799999999999996,28.35,53.34
2017-10-01,汽车服务,15072.17,0.1399,26.15,138.11
2017-10-01,生活服务,55539.98,0.5155,48.35,81.89
2017-10-01,实用工具,38967.45,0.3617,51.66,136.16
2017-10-01,手机游戏,59352.85,0.5509000000000001,154.72,1096.73
2017-10-01,数字阅读,33935.68,0.315,72.72,589.31
2017-10-01,系统工具,91224.12,0.8467,1578.2,1190.31
2017-10-01,新闻资讯,56171.05,0.5214,104.97,908.47
2017-10-01,医疗服务,2143.27,0.0199,31.64,85.79
2017-10-01,移动购物,75813.36,0.7037,84.14,276.91
2017-10-01,移动社交,101636.52,0.9434,1385.6,2411.69
2017-10-01,移动视频,95052,0.8823000000000001,166.99,1262.02
2017-10-01,移动音乐,61060.75,0.5668,105.31,414.38
2017-10-01,育儿母婴,7629.63,0.0708,28.8,151.17
2017-10-01,智能设备,7720.47,0.0717,18.53,32.39
2017-10-01,主题美化,8101.02,0.07519999999999999,283.33,362.34
2017-11-01,办公商务,36911.24,0.3422,56.57,170.04
2017-11-01,出行服务,65428.63,0.6065,43.16,132.92
2017-11-01,电话通讯,11632.33,0.10779999999999999,42.3,103.7
2017-11-01,房产服务,2067.49,0.0192,37.61,69.04
2017-11-01,健康美容,6588.37,0.0611,44.88,104.97
2017-11-01,教育学习,28579.56,0.26489999999999997,42.61,145.03
2017-11-01,金融理财,68863.34,0.6384000000000001,74.85,105.25
2017-11-01,旅游服务,8865.94,0.08220000000000001,23.75,41.14
2017-11-01,拍摄美化,35334.02,0.3276,25.58,48.54
2017-11-01,汽车服务,15731.43,0.1458,24.99,133.45
2017-11-01,生活服务,57728.88,0.5352,47.04,78.27
2017-11-01,实用工具,39545.49,0.3666,46,118.36
2017-11-01,手机游戏,61292.62,0.5682,137.36,1014.07
2017-11-01,数字阅读,34970.73,0.32420000000000004,68.96,552.41
2017-11-01,系统工具,91314.48,0.8465,1476.73,1154.01
2017-11-01,新闻资讯,57407.7,0.5322,101.47,904
2017-11-01,医疗服务,2431.39,0.0225,27.89,75.3
2017-11-01,移动购物,79822.59,0.74,88.47,297.25
2017-11-01,移动社交,101747.78,0.9431999999999999,1307.07,2292.53
2017-11-01,移动视频,95504.87,0.8854000000000001,165.62,1237.11
2017-11-01,移动音乐,61784.77,0.5728,101.63,397.61
2017-11-01,育儿母婴,8275.24,0.0767,26.9,141.54
2017-11-01,智能设备,7240.8,0.06709999999999999,18.41,32.45
2017-11-01,主题美化,8684.87,0.0805,243.1,319.11
2017-12-01,办公商务,38423.34,0.3543,57.87,169.87
2017-12-01,出行服务,65369.79,0.6028,45.51,140.68
2017-12-01,电话通讯,11930.23,0.11,41.91,105.33
2017-12-01,房产服务,2069.71,0.0191,38.26,71.12
2017-12-01,健康美容,6567.44,0.060599999999999994,50.22,116.62
2017-12-01,教育学习,29279.75,0.27,45.72,156.22
2017-12-01,金融理财,74766.43,0.6894,85.39,120.77
2017-12-01,旅游服务,9549.48,0.08810000000000001,24.78,43.23
2017-12-01,拍摄美化,35983.52,0.3318,29.46,57.71
2017-12-01,汽车服务,16848.84,0.15539999999999998,26.08,140.88
2017-12-01,生活服务,59886.25,0.5522,49.91,85.1
2017-12-01,实用工具,40278.4,0.3714,47.96,125.94
2017-12-01,手机游戏,62955.29,0.5805,147.63,1086.77
2017-12-01,数字阅读,35705.65,0.3292,71.34,575.38
2017-12-01,系统工具,92208.02,0.8502,1558.31,1243.11
2017-12-01,新闻资讯,58691.57,0.5412,106.99,959.3
2017-12-01,医疗服务,2567.66,0.023700000000000002,30.01,80.17
2017-12-01,移动购物,78863.55,0.7272,88.71,291.37
2017-12-01,移动社交,103236.09,0.9519,1338.18,2404.26
2017-12-01,移动视频,96594.62,0.8906999999999999,180.62,1358.31
2017-12-01,移动音乐,62736.55,0.5785,106.11,419.08
2017-12-01,育儿母婴,8315.13,0.0767,27.29,150.56
2017-12-01,智能设备,7564.76,0.0698,18.26,31.89
2017-12-01,主题美化,9360.93,0.0863,244.92,307.32
2018-01-01,办公商务,39107.32,0.3594,57.81,169.93
2018-01-01,出行服务,65397,0.601,45.63,142.8
2018-01-01,电话通讯,11920.82,0.1096,40.36,105.28
2018-01-01,房产服务,2135.06,0.0196,34.65,67.82
2018-01-01,健康美容,6322.32,0.0581,49.38,116.34
2018-01-01,教育学习,29268.25,0.26899999999999996,44.56,157.47
2018-01-01,金融理财,72510.28,0.6664,83.72,115.76
2018-01-01,旅游服务,11011.86,0.1012,25.52,44.54
2018-01-01,拍摄美化,35766.67,0.3287,28.88,57.32
2018-01-01,汽车服务,16828.88,0.1547,25.03,139.2
2018-01-01,生活服务,57687.48,0.5302,46.53,79.61
2018-01-01,实用工具,42063.32,0.38659999999999994,48.2,125.95
2018-01-01,手机游戏,68483.59,0.6294,141.91,1023.81
2018-01-01,数字阅读,36607.83,0.33640000000000003,72.21,590.68
2018-01-01,系统工具,92599.67,0.851,1676.86,1293.53
2018-01-01,新闻资讯,59156.12,0.5437,107.72,1002.66
2018-01-01,医疗服务,2588.17,0.023799999999999998,28.17,74.39
2018-01-01,移动购物,77558.6,0.7128,90.61,291.99
2018-01-01,移动社交,103635.68,0.9525,1360.92,2495.05
2018-01-01,移动视频,98666.16,0.9068,192.57,1430.28
2018-01-01,移动音乐,64380.06,0.5917,106,416.26
2018-01-01,育儿母婴,8113.18,0.0746,25.79,136.61
2018-01-01,智能设备,7615.1,0.07,17.73,30.8
2018-01-01,主题美化,9649.87,0.08869999999999999,232.01,281.22
2018-02-01,办公商务,37309.35,0.342,50.2,167.18
2018-02-01,出行服务,68263.06,0.6257,40.47,141.89
2018-02-01,电话通讯,11500.58,0.1054,35.54,95.78
2018-02-01,房产服务,2062.41,0.0189,25.48,52.33
2018-02-01,健康美容,6707.58,0.061500000000000006,41.87,92.23
2018-02-01,教育学习,29573.46,0.2711,39.15,144.39
2018-02-01,金融理财,70770.5,0.6487,70.28,108.18
2018-02-01,旅游服务,10727.17,0.0983,21.44,39.02
2018-02-01,拍摄美化,38856.91,0.35609999999999997,29.48,58.94
2018-02-01,汽车服务,16136.64,0.1479,21.57,128.19
2018-02-01,生活服务,56506.42,0.5179,37.66,69.31
2018-02-01,实用工具,42746.83,0.3918,44.91,117.96
2018-02-01,手机游戏,77226.08,0.7078,150.21,1105.08
2018-02-01,数字阅读,38310.29,0.35109999999999997,70.57,581.31
2018-02-01,系统工具,93209.04,0.8543000000000001,1619.53,1229.83
2018-02-01,新闻资讯,58767.8,0.5386,97.74,881.12
2018-02-01,医疗服务,2384.03,0.0219,23.62,61.86
2018-02-01,移动购物,72686.51,0.6662,67.72,203.92
2018-02-01,移动社交,104188.33,0.955,1283.06,2388.14
2018-02-01,移动视频,101390.71,0.9293,190.96,1402.51
2018-02-01,移动音乐,65535.67,0.6007,98.6,382.37
2018-02-01,育儿母婴,7261.88,0.0666,22.75,131.59
2018-02-01,智能设备,7486.03,0.06860000000000001,16.05,28.58
2018-02-01,主题美化,10761.16,0.0986,224.98,268.19
2018-03-01,办公商务,41649.05,0.3803,58.47,175.39
2018-03-01,出行服务,73378.28,0.6698999999999999,46.73,150.21
2018-03-01,电话通讯,12731.75,0.1162,39.67,106.49
2018-03-01,房产服务,3343.02,0.0305,34.51,65.76
2018-03-01,健康美容,7953.2,0.0726,46.69,105.2
2018-03-01,教育学习,33316.58,0.3042,45.25,156.97
2018-03-01,金融理财,76675.54,0.7,77.61,107.79
2018-03-01,旅游服务,11918.26,0.10880000000000001,22.75,41.75
2018-03-01,拍摄美化,39774.84,0.36310000000000003,29.75,59.94
2018-03-01,汽车服务,19440.71,0.1775,26.97,154.95
2018-03-01,生活服务,63321.76,0.5781000000000001,49.72,94.19
2018-03-01,实用工具,42332.07,0.3865,49.5,133.98
2018-03-01,手机游戏,68757.51,0.6278,152.99,1152.58
2018-03-01,数字阅读,39443.79,0.3601,71.67,584.36
2018-03-01,系统工具,93735.12,0.8558,1638,1337.85
2018-03-01,新闻资讯,61148.19,0.5583,111.14,1010.91
2018-03-01,医疗服务,2834.43,0.0259,29.36,77.03
2018-03-01,移动购物,81039.69,0.7399,92.54,315.75
2018-03-01,移动社交,105690.94,0.965,1410.68,2644.07
2018-03-01,移动视频,102567.4,0.9364,202.3,1522.79
2018-03-01,移动音乐,65485.3,0.5979,110.54,432.69
2018-03-01,育儿母婴,8471.77,0.07730000000000001,26.22,159.87
2018-03-01,智能设备,8431.61,0.077,19.77,36.61
2018-03-01,主题美化,10859.2,0.09910000000000001,212.18,278.98
2018-04-01,办公商务,40392.76,0.3667,57.21,168.41
2018-04-01,出行服务,74973.16,0.6806,46.94,154.36
2018-04-01,电话通讯,12397.01,0.1125,38.39,104.3
2018-04-01,房产服务,2867.46,0.026000000000000002,37.23,67.95
2018-04-01,健康美容,8375.48,0.076,46.92,103.98
2018-04-01,教育学习,33515.16,0.3042,45.54,156.01
2018-04-01,金融理财,77313.48,0.7018000000000001,76.77,105.47
2018-04-01,旅游服务,11867.52,0.10769999999999999,22.57,42.29
2018-04-01,拍摄美化,40097.95,0.364,29.26,58.65
2018-04-01,汽车服务,18630.37,0.1691,25.48,151.72
2018-04-01,生活服务,61389.66,0.5573,51.01,91.46
2018-04-01,实用工具,42936.39,0.3898,47.62,134.85
2018-04-01,手机游戏,67290.16,0.6108,153.27,1144.32
2018-04-01,数字阅读,39059.48,0.3546,70.38,541.61
2018-04-01,系统工具,93990.46,0.8532,1571.99,1289.82
2018-04-01,新闻资讯,61207.63,0.5556,111.01,1003.82
2018-04-01,医疗服务,3244.63,0.029500000000000002,27.97,73.3
2018-04-01,移动购物,81613.24,0.7408,88.37,305.26
2018-04-01,移动社交,105903.19,0.9612999999999999,1372.6,2611.79
2018-04-01,移动视频,101489.66,0.9213,205.32,1531.43
2018-04-01,移动音乐,66033.71,0.5993999999999999,111.89,437.43
2018-04-01,育儿母婴,8404.98,0.07629999999999999,25.64,158.21
2018-04-01,智能设备,8788.46,0.07980000000000001,19.13,35.85
2018-04-01,主题美化,10811.62,0.0981,201.68,262
2018-05-01,办公商务,41758.83,0.3778,59.71,168.24
2018-05-01,出行服务,nan,nan,nan,nan
2018-05-01,电话通讯,12754.08,0.11539999999999999,37.89,111.83
2018-05-01,房产服务,3018.67,0.0273,36.26,65.82
2018-05-01,健康美容,nan,nan,nan,nan
2018-05-01,教育学习,33638.13,0.3043,47.32,160.44
2018-05-01,金融理财,nan,nan,nan,nan
2018-05-01,旅游服务,11067.86,0.1001,22.13,40.42
2018-05-01,拍摄美化,40088.54,0.3627,32.29,65.35
2018-05-01,汽车服务,18734.02,0.16949999999999998,26.15,148.98
2018-05-01,生活服务,62260.37,0.5633,53.58,96.48
2018-05-01,实用工具,41694.38,0.3772,50.51,147.76
2018-05-01,手机游戏,nan,nan,nan,nan
2018-05-01,数字阅读,37677.26,0.34090000000000004,74.83,554.89
2018-05-01,系统工具,94175.67,0.852,1552.66,1333.26
2018-05-01,新闻资讯,61220.74,0.5539000000000001,121.39,1103.6
2018-05-01,医疗服务,3435.58,0.0311,32.16,85.36
2018-05-01,移动购物,82861.84,0.7497,97.99,334.65
2018-05-01,移动社交,106159.23,0.9604,1431.21,2718.3
2018-05-01,移动视频,103131.1,0.9329999999999999,219.91,1631.41
2018-05-01,移动音乐,66396.93,0.6007,114.39,452.31
2018-05-01,育儿母婴,8240.47,0.0746,27.94,182.3
2018-05-01,智能设备,9072.57,0.0821,21.14,40.22
2018-05-01,主题美化,10856.21,0.09820000000000001,201.48,271.74
2018-06-01,办公商务,41500.24,0.3753,59.17,165.9
2018-06-01,出行服务,75581.12,0.6836,44.71,141.31
2018-06-01,电话通讯,12569.61,0.1137,36.71,115.62
2018-06-01,房产服务,3265.8,0.029500000000000002,32.8,58.11
2018-06-01,健康美容,7934.74,0.0718,45.54,107.5
2018-06-01,教育学习,32490.49,0.2939,44.53,151.98
2018-06-01,金融理财,75755.4,0.6851999999999999,78.45,110.49
2018-06-01,旅游服务,11879.78,0.1074,22.79,41.65
2018-06-01,拍摄美化,40593.67,0.3671,31.82,65.22
2018-06-01,汽车服务,18418.25,0.1666,25.31,145.88
2018-06-01,生活服务,62345.83,0.5639,52.51,95.74
2018-06-01,实用工具,42336.73,0.3829,47.98,147.93
2018-06-01,手机游戏,64081.41,0.5796,148.56,1176.09
2018-06-01,数字阅读,38350.7,0.3469,73.64,560.31
2018-06-01,系统工具,94480.97,0.8545,1491.93,1364.71
2018-06-01,新闻资讯,61423.65,0.5555,120.52,1092.41
2018-06-01,医疗服务,3058.98,0.0277,32.01,85.47
2018-06-01,移动购物,84425.13,0.7636,100.81,343.98
2018-06-01,移动社交,106139.33,0.96,1419.97,2673.09
2018-06-01,移动视频,103885.29,0.9396,234.76,1776.65
2018-06-01,移动音乐,69772.16,0.6311,109.7,435.11
2018-06-01,育儿母婴,8136.01,0.0736,25.84,175.55
2018-06-01,智能设备,9327.29,0.08439999999999999,20.89,37.59
2018-06-01,主题美化,10427.16,0.0943,202.68,291.94
2018-07-01,办公商务,40277.63,0.3627,59.33,168.73
2018-07-01,出行服务,77018.36,0.6934999999999999,46.79,146.73
2018-07-01,电话通讯,12089.68,0.10890000000000001,38.03,117.92
2018-07-01,房产服务,3158.21,0.028399999999999998,32.91,59.86
2018-07-01,健康美容,7456.58,0.06709999999999999,48.73,118.1
2018-07-01,教育学习,30389.67,0.2736,42.54,150.66
2018-07-01,金融理财,75673.16,0.6814,79.96,113.88
2018-07-01,旅游服务,12453.95,0.1121,23.58,48.08
2018-07-01,拍摄美化,40614.42,0.3657,32.88,67.67
2018-07-01,汽车服务,18040.73,0.1624,24.61,145.32
2018-07-01,生活服务,60793.14,0.5474,53.72,103.99
2018-07-01,实用工具,42324.92,0.3811,50.72,159.46
2018-07-01,手机游戏,68789.19,0.6194,160.89,1290.01
2018-07-01,数字阅读,38613.44,0.3477,78.6,615.19
2018-07-01,系统工具,94674.03,0.8525,1542.04,1422.05
2018-07-01,新闻资讯,61565.26,0.5544,125.34,1114.33
2018-07-01,医疗服务,2735.64,0.0246,33.22,89.02
2018-07-01,移动购物,82263.58,0.7406999999999999,103.52,355.59
2018-07-01,移动社交,106274.08,0.9569,1467.47,2763.64
2018-07-01,移动视频,105307.3,0.9481999999999999,256.62,1944.71
2018-07-01,移动音乐,69562.46,0.6264,117.6,472.56
2018-07-01,育儿母婴,7709.4,0.0694,26.51,179.86
2018-07-01,智能设备,9326.36,0.084,21.01,39.16
2018-07-01,主题美化,10476.6,0.0943,216.52,308.12
2018-08-01,办公商务,40874.23,0.3666,60.22,164.4
2018-08-01,出行服务,77408.68,0.6942,48.28,151.3
2018-08-01,电话通讯,12653.92,0.11349999999999999,35.35,122.82
2018-08-01,房产服务,3550.6,0.0318,30.94,56.46
2018-08-01,健康美容,7271.8,0.0652,48.69,116.9
2018-08-01,教育学习,29935.9,0.2685,42.46,154.84
2018-08-01,金融理财,76279.23,0.6840999999999999,80.37,116.1
2018-08-01,旅游服务,13520.24,0.12119999999999999,23.1,47.9
2018-08-01,拍摄美化,41474.69,0.37189999999999995,32.36,66.13
2018-08-01,汽车服务,18832.22,0.1689,22.9,143.8
2018-08-01,生活服务,60936.9,0.5465,52.98,105.11
2018-08-01,实用工具,42350.1,0.37979999999999997,52.29,164.61
2018-08-01,手机游戏,68011.76,0.6099,160.01,1294.01
2018-08-01,数字阅读,39355.76,0.3529,80.32,608.54
2018-08-01,系统工具,95253.84,0.8542000000000001,1564.87,1415.19
2018-08-01,新闻资讯,62351.89,0.5592,126.83,1110.59
2018-08-01,医疗服务,2789.56,0.025,32.6,85.55
2018-08-01,移动购物,83302.24,0.747,107.16,358.13
2018-08-01,移动社交,106964.38,0.9592,1453.95,2777.86
2018-08-01,移动视频,105877.1,0.9495,262.58,1927.13
2018-08-01,移动音乐,69450.89,0.6228,113.86,479.13
2018-08-01,育儿母婴,7786.18,0.0698,26.38,164.56
2018-08-01,智能设备,9504.2,0.0852,20.52,38.71
2018-08-01,主题美化,10723.45,0.0962,188.02,270.88
2018-09-01,办公商务,42847.66,0.3832,58.1,150.11
2018-09-01,出行服务,79540.89,0.7112999999999999,44.21,138.77
2018-09-01,电话通讯,13883.91,0.1242,31.21,117.23
2018-09-01,房产服务,4115.01,0.0368,26.27,48.95
2018-09-01,健康美容,7408.12,0.0662,44.1,104.44
2018-09-01,教育学习,35285.12,0.3155,41.18,144.08
2018-09-01,金融理财,80785.83,0.7223999999999999,76.92,108.64
2018-09-01,旅游服务,15049.29,0.1346,21.71,41.92
2018-09-01,拍摄美化,39783.27,0.3558,30.17,61.68
2018-09-01,汽车服务,20267.08,0.1812,21.63,134.78
2018-09-01,生活服务,61725.11,0.552,52.3,102.22
2018-09-01,实用工具,41335.78,0.3697,48.16,153.53
2018-09-01,手机游戏,60971.39,0.5452,138.95,1124.02
2018-09-01,数字阅读,37979.65,0.3396,74.78,538.27
2018-09-01,系统工具,95576.91,0.8547,1531.27,1331.79
2018-09-01,新闻资讯,63261.81,0.5657,127.06,1098.32
2018-09-01,医疗服务,2845.73,0.0254,33.13,86.91
2018-09-01,移动购物,82506.54,0.7378,109.53,364.15
2018-09-01,移动社交,107053.95,0.9573,1415.59,2715.92
2018-09-01,移动视频,104401.36,0.9336,236.84,1725.12
2018-09-01,移动音乐,69495.49,0.6214999999999999,103.34,437.22
2018-09-01,育儿母婴,7752.87,0.0693,25.4,146.34
2018-09-01,智能设备,10333.27,0.0924,20.65,37.75
2018-09-01,主题美化,9661.56,0.0864,158.79,247.1
2018-10-01,办公商务,43364.37,0.3864,60.56,154.85
2018-10-01,出行服务,77598.98,0.6914,45.47,151.47
2018-10-01,电话通讯,13604.14,0.12119999999999999,31.09,121.53
2018-10-01,房产服务,4400.58,0.0392,25.17,49.15
2018-10-01,健康美容,7275.43,0.06480000000000001,43.75,102.65
2018-10-01,教育学习,39216.92,0.3494,43.8,146.01
2018-10-01,金融理财,78671.57,0.701,76.18,113.18
2018-10-01,旅游服务,14441.85,0.12869999999999998,20.27,38.73
2018-10-01,拍摄美化,41490.91,0.3697,29.74,60.54
2018-10-01,汽车服务,20126.93,0.1793,21.14,128.82
2018-10-01,生活服务,61844.36,0.551,52.42,104.81
2018-10-01,实用工具,42240.71,0.3764,47.87,149.99
2018-10-01,手机游戏,63405.27,0.5649000000000001,146.54,1226.07
2018-10-01,数字阅读,39624.42,0.353,78.18,562.31
2018-10-01,系统工具,95824.39,0.8538,1597.96,1386.38
2018-10-01,新闻资讯,63140.92,0.5626,129.65,1159.94
2018-10-01,医疗服务,2849.29,0.0254,31.61,83
2018-10-01,移动购物,85346.64,0.7604000000000001,116.45,397.27
2018-10-01,移动社交,107100.18,0.9542,1440.94,2829.51
2018-10-01,移动视频,104207.4,0.9285,250.69,1860.39
2018-10-01,移动音乐,70156.13,0.6251,107.77,467.59
2018-10-01,育儿母婴,7613.47,0.0678,24.74,141.43
2018-10-01,智能设备,10077.46,0.0898,21.33,39.93
2018-10-01,主题美化,10533.93,0.09390000000000001,157.17,261.37
2018-11-01,办公商务,44906.21,0.39840000000000003,58.24,147.95
2018-11-01,出行服务,75404.2,0.6689,41.75,131.23
2018-11-01,电话通讯,13413.42,0.11900000000000001,29.59,115.39
2018-11-01,房产服务,4233.04,0.037599999999999995,24.12,46.67
2018-11-01,健康美容,7374.5,0.0654,39.48,96.33
2018-11-01,教育学习,41011.4,0.3638,41.35,137.01
2018-11-01,金融理财,81747,0.7252,75.5,113.57
2018-11-01,旅游服务,13907.59,0.1234,18.23,37.4
2018-11-01,拍摄美化,40060.66,0.3554,28.9,59.16
2018-11-01,汽车服务,20338.61,0.1804,22.01,137.03
2018-11-01,生活服务,64969.38,0.5764,48.83,94.74
2018-11-01,实用工具,42192.44,0.3743,45.28,143.37
2018-11-01,手机游戏,59876.75,0.5312,138.82,1091.23
2018-11-01,数字阅读,40192.58,0.3566,75.77,531.98
2018-11-01,系统工具,95989.87,0.8515999999999999,1520.89,1342.16
2018-11-01,新闻资讯,64947.82,0.5761999999999999,127.84,1129.21
2018-11-01,医疗服务,2847.75,0.0253,29.05,75.62
2018-11-01,移动购物,92334,0.8190999999999999,111.81,377.06
2018-11-01,移动社交,106880.49,0.9481999999999999,1371.88,2661.95
2018-11-01,移动视频,104601.72,0.9279999999999999,242.75,1775.89
2018-11-01,移动音乐,69266.82,0.6145,101.22,445.69
2018-11-01,育儿母婴,7462.55,0.0662,24.06,133.2
2018-11-01,智能设备,10055.31,0.0892,20.66,37.97
2018-11-01,主题美化,10760.54,0.0955,148.51,253.58
2018-12-01,办公商务,45798.17,0.40509999999999996,62.55,162.36
2018-12-01,出行服务,76818.22,0.6795,42.66,132.36
2018-12-01,电话通讯,13003.15,0.115,29.63,118.84
2018-12-01,房产服务,4131.08,0.0365,24.7,46.15
2018-12-01,健康美容,7367.11,0.0652,37.5,92.58
2018-12-01,教育学习,42330.34,0.37439999999999996,41.35,134.76
2018-12-01,金融理财,85799.27,0.7589,84.81,132.3
2018-12-01,旅游服务,14893.72,0.1317,20.74,42.75
2018-12-01,拍摄美化,41303.49,0.3653,29.86,60.81
2018-12-01,汽车服务,21260.53,0.188,21.41,125.28
2018-12-01,生活服务,67679.82,0.5986,49.28,96.66
2018-12-01,实用工具,45704.47,0.4043,46,147.34
2018-12-01,手机游戏,62124.99,0.5495,148.21,1190.87
2018-12-01,数字阅读,42702.77,0.37770000000000004,78.41,542.32
2018-12-01,系统工具,96161.55,0.8506,1653.35,1428.92
2018-12-01,新闻资讯,64943.14,0.5744,132.9,1164.54
2018-12-01,医疗服务,2575.14,0.022799999999999997,28.01,71.24
2018-12-01,移动购物,93118.91,0.8236,109.63,355.99
2018-12-01,移动社交,107621.24,0.9519,1411.86,2736.06
2018-12-01,移动视频,105183.15,0.9303,258.86,1905.07
2018-12-01,移动音乐,71048.07,0.6284000000000001,102.79,441.96
2018-12-01,育儿母婴,7471.45,0.0661,22.94,120.76
2018-12-01,智能设备,9759.46,0.0863,22.17,40.4
2018-12-01,主题美化,11142.09,0.0986,142.31,237.04
2019-01-01,办公商务,45435.79,0.40149999999999997,59.54,152.14
2019-01-01,出行服务,78467.63,0.6934,43.44,140.94
2019-01-01,电话通讯,13156.48,0.11630000000000001,28.83,122.56
2019-01-01,房产服务,3690.2,0.0326,23.65,44.73
2019-01-01,健康美容,7193.21,0.0636,36.39,90.92
2019-01-01,教育学习,43441.94,0.3839,33.15,111.67
2019-01-01,金融理财,87710.06,0.775,80.91,135.76
2019-01-01,旅游服务,16184.97,0.14300000000000002,22.37,44.13
2019-01-01,拍摄美化,41282.34,0.36479999999999996,28.85,58.44
2019-01-01,汽车服务,21693.89,0.1917,20.78,119.16
2019-01-01,生活服务,70914.62,0.6265999999999999,46.38,92.2
2019-01-01,实用工具,46702.28,0.4127,43.97,137.89
2019-01-01,手机游戏,69937.2,0.618,151.04,1239.2
2019-01-01,数字阅读,44015.45,0.3889,78.92,536.57
2019-01-01,系统工具,97119.38,0.8582,1728.2,1426.57
2019-01-01,新闻资讯,64694.71,0.5717,131.68,1164.81
2019-01-01,医疗服务,2454.63,0.0217,25.98,65.52
2019-01-01,移动购物,91737.86,0.8106,107.71,349.75
2019-01-01,移动社交,108347.68,0.9573999999999999,1409.76,2660.11
2019-01-01,移动视频,107786.58,0.9523999999999999,273.44,1948.18
2019-01-01,移动音乐,72093.25,0.637,102.75,434.39
2019-01-01,育儿母婴,7435.58,0.06570000000000001,23.6,127.66
2019-01-01,智能设备,10032.45,0.08869999999999999,21.16,38.24
2019-01-01,主题美化,12302.32,0.10869999999999999,134.92,240.72
2019-02-01,办公商务,43904.96,0.3857,48.98,132.35
2019-02-01,出行服务,81840.56,0.7190000000000001,38.12,134.63
2019-02-01,电话通讯,12430.99,0.1092,25.37,105.04
2019-02-01,房产服务,4119.58,0.0362,21.58,44.32
2019-02-01,健康美容,6742.76,0.0592,33.05,83.07
2019-02-01,教育学习,43528.51,0.3824,28.04,96.89
2019-02-01,金融理财,84769.83,0.7447,71.23,125.41
2019-02-01,旅游服务,16181.92,0.1422,19.92,37.48
2019-02-01,拍摄美化,41884.37,0.368,26.77,54.24
2019-02-01,汽车服务,21761.18,0.1912,19.15,114.16
2019-02-01,生活服务,68575,0.6025,41.22,87.68
2019-02-01,实用工具,45894.14,0.4032,39.95,121.82
2019-02-01,手机游戏,74691.49,0.6562,137.53,1127.64
2019-02-01,数字阅读,44412.35,0.39020000000000005,76.32,502.62
2019-02-01,系统工具,98261.31,0.8633,1642.85,1272.49
2019-02-01,新闻资讯,63801.18,0.5605,116.94,1040.75
2019-02-01,医疗服务,2260.51,0.0199,22.73,57.32
2019-02-01,移动购物,86880.09,0.7633,94.71,307.65
2019-02-01,移动社交,110388.5,0.9698,1300.34,2428.84
2019-02-01,移动视频,108801.3,0.9559000000000001,254.24,1773.74
2019-02-01,移动音乐,72909.07,0.6405,88.23,373.51
2019-02-01,育儿母婴,7414.5,0.06509999999999999,20.69,113.99
2019-02-01,智能设备,9982.79,0.0877,18.6,37.18
2019-02-01,主题美化,12139.07,0.1066,126.09,230.6
2019-03-01,办公商务,48648.45,0.4274,56.75,137.78
2019-03-01,出行服务,81770.44,0.7184,44.26,143.3
2019-03-01,电话通讯,13327.53,0.11710000000000001,28.28,114.2
2019-03-01,房产服务,4928.67,0.0433,25.68,52.51
2019-03-01,健康美容,8281.54,0.0728,38.24,97.19
2019-03-01,教育学习,48264.56,0.424,35.35,117.31
2019-03-01,金融理财,89156.56,0.7833,83.33,133.19
2019-03-01,旅游服务,15825.22,0.139,19.57,37.23
2019-03-01,拍摄美化,40943.75,0.35969999999999996,27.85,56.29
2019-03-01,汽车服务,23925.44,0.2102,22.65,136.29
2019-03-01,生活服务,70956.86,0.6234000000000001,50.28,105.92
2019-03-01,实用工具,42808.14,0.3761,45.08,141.99
2019-03-01,手机游戏,68858.87,0.605,134.36,1144.54
2019-03-01,数字阅读,44449.85,0.39049999999999996,79.91,512.71
2019-03-01,系统工具,96743.68,0.85,1723.11,1442.92
2019-03-01,新闻资讯,66079.68,0.5806,126.56,1174.52
2019-03-01,医疗服务,2449,0.0215,25.49,63.84
2019-03-01,移动购物,91887.59,0.8073,112.17,353.81
2019-03-01,移动社交,110256.87,0.9687,1446.52,2761.94
2019-03-01,移动视频,107863.97,0.9477,266.56,1905.91
2019-03-01,移动音乐,74151.74,0.6515000000000001,100.33,439.81
2019-03-01,育儿母婴,8024.03,0.0705,21.61,117.96
2019-03-01,智能设备,11086.15,0.0974,21.38,39.71
2019-03-01,主题美化,12356.06,0.10859999999999999,120.51,245.69
2019-04-01,办公商务,48989.47,0.4314,55.87,136.93
2019-04-01,出行服务,82260.61,0.7243999999999999,44.99,146.73
2019-04-01,电话通讯,13303.74,0.11720000000000001,27,110.65
2019-04-01,房产服务,4682.16,0.0412,25.24,49.68
2019-04-01,健康美容,8651.75,0.0762,38.41,99.32
2019-04-01,教育学习,47744.91,0.4204,34.59,120.18
2019-04-01,金融理财,88298.71,0.7776000000000001,80.39,131.42
2019-04-01,旅游服务,17053.55,0.1502,20.72,40.4
2019-04-01,拍摄美化,40311.74,0.355,27.46,55.37
2019-04-01,汽车服务,23648.29,0.2082,20.87,129.83
2019-04-01,生活服务,69628.94,0.6132,49.59,103.97
2019-04-01,实用工具,44885.65,0.3953,42.81,135.53
2019-04-01,手机游戏,66368.21,0.5844,133.35,1220.53
2019-04-01,数字阅读,46235.87,0.4072,77.96,501.91
2019-04-01,系统工具,97266.36,0.8565,1606.61,1388.4
2019-04-01,新闻资讯,67944.81,0.5982999999999999,117.98,1116.03
2019-04-01,医疗服务,2481.02,0.0218,23.94,61.34
2019-04-01,移动购物,92823.32,0.8173999999999999,108.63,347.69
2019-04-01,移动社交,110137.4,0.9699,1401.37,2711.92
2019-04-01,移动视频,107593.33,0.9475,261.73,1862.22
2019-04-01,移动音乐,73663.76,0.6487,97.82,436.6
2019-04-01,育儿母婴,8139.94,0.0717,20.64,103.36
2019-04-01,智能设备,10472.57,0.0922,21.36,41.82
2019-04-01,主题美化,14040.86,0.12359999999999999,106.71,246.05
2019-05-01,办公商务,50031.2,0.4411,55.53,135.64
2019-05-01,出行服务,83260.21,0.7340000000000001,45.99,150.86
2019-05-01,电话通讯,13399.54,0.11810000000000001,28.6,113.86
2019-05-01,房产服务,4970.54,0.0438,24.54,47.89
2019-05-01,健康美容,9412.93,0.083,37.85,97.38
2019-05-01,教育学习,48290.34,0.4257,33.37,115.98
2019-05-01,金融理财,89469.8,0.7888,78.6,127.07
2019-05-01,旅游服务,17365.33,0.1531,18.54,36.55
2019-05-01,拍摄美化,41785.06,0.36840000000000006,29.07,59.1
2019-05-01,汽车服务,24820.18,0.2188,20.59,122.12
2019-05-01,生活服务,70998.82,0.6259,49.7,105.57
2019-05-01,实用工具,48609.6,0.4285,40.72,123.93
2019-05-01,手机游戏,68668.09,0.6053999999999999,130.45,1192.19
2019-05-01,数字阅读,48539.18,0.4279,79.89,505.18
2019-05-01,系统工具,98111.76,0.865,1592.54,1419.1
2019-05-01,新闻资讯,70645.39,0.6228,112.48,1044.76
2019-05-01,医疗服务,2579.17,0.0227,23.27,58.02
2019-05-01,移动购物,96196.77,0.8481000000000001,110.51,342.38
2019-05-01,移动社交,109951.03,0.9693,1456.65,2751.07
2019-05-01,移动视频,107781.69,0.9501999999999999,275.79,1951.61
2019-05-01,移动音乐,73980.86,0.6522,101.31,441.55
2019-05-01,育儿母婴,8300.58,0.0732,20.08,110.88
2019-05-01,智能设备,10887.88,0.096,20.83,38.67
2019-05-01,主题美化,15249.6,0.1344,101.99,249.78
2019-06-01,办公商务,49706.86,0.4375,56.36,127.28
2019-06-01,出行服务,83240.5,0.7326,44.77,141.81
2019-06-01,电话通讯,13773.81,0.12119999999999999,31.16,116.75
2019-06-01,房产服务,5151.32,0.0453,22.82,44.3
2019-06-01,健康美容,9438.2,0.08310000000000001,35.63,93.55
2019-06-01,教育学习,48451.01,0.4264,30.47,107.59
2019-06-01,金融理财,90019.78,0.7922,75.8,124.63
2019-06-01,旅游服务,17501.57,0.154,17.5,34.13
2019-06-01,拍摄美化,41475.17,0.365,29.1,58.2
2019-06-01,汽车服务,24826.84,0.21850000000000003,20.4,117.07
2019-06-01,生活服务,71581.65,0.63,47.93,102.15
2019-06-01,实用工具,49172.28,0.43270000000000003,39.89,118.32
2019-06-01,手机游戏,69068.48,0.6078,126,1112.58
2019-06-01,数字阅读,48599.98,0.4277,78.34,489.17
2019-06-01,系统工具,99489.74,0.8756,1585.02,1397.37
2019-06-01,新闻资讯,70651.66,0.6218,106.2,956.36
2019-06-01,医疗服务,2518.06,0.0222,23.39,56.92
2019-06-01,移动购物,98163.25,0.8639,110.71,355.52
2019-06-01,移动社交,110109.19,0.9690000000000001,1404.46,2579.41
2019-06-01,移动视频,108703.47,0.9567,274.3,1910.22
2019-06-01,移动音乐,74835.87,0.6586,99.39,417.52
2019-06-01,育儿母婴,8339.98,0.07339999999999999,19.4,110.86
2019-06-01,智能设备,11090.99,0.09759999999999999,19.83,36.96
2019-06-01,主题美化,16121,0.1419,95.42,233.83
2019-07-01,办公商务,48890.12,0.43119999999999997,56.65,126.81
2019-07-01,出行服务,84810.66,0.748,48.47,151.81
2019-07-01,电话通讯,14341.44,0.1265,34.01,126.47
2019-07-01,房产服务,5047.33,0.044500000000000005,24,46.69
2019-07-01,健康美容,10037.34,0.0885,36.2,100.71
2019-07-01,教育学习,43638.54,0.3849,28.99,111
2019-07-01,金融理财,91041.23,0.8029000000000001,75.22,124.73
2019-07-01,旅游服务,18944.17,0.1671,19.1,38.65
2019-07-01,拍摄美化,40485.93,0.35700000000000004,28.98,58.5
2019-07-01,汽车服务,24716.69,0.218,21.83,118.92
2019-07-01,生活服务,72938.65,0.6433,50.68,112.65
2019-07-01,实用工具,51466.58,0.4539,42.13,120.74
2019-07-01,手机游戏,78153,0.6892,131.85,1180.72
2019-07-01,数字阅读,48890.77,0.43119999999999997,83.63,517.95
2019-07-01,系统工具,100757.23,0.8886,1675.34,1443.34
2019-07-01,新闻资讯,70107.42,0.6183,109.5,957.28
2019-07-01,医疗服务,2624.38,0.0231,22.73,53.86
2019-07-01,移动购物,96740.82,0.8532,108.29,348.2
2019-07-01,移动社交,110079.38,0.9708,1398.62,2561.37
2019-07-01,移动视频,109072.22,0.9619,312.67,2113.72
2019-07-01,移动音乐,75515.71,0.6659999999999999,100.18,420.74
2019-07-01,育儿母婴,8235.54,0.0726,21.18,110.77
2019-07-01,智能设备,11242.24,0.09910000000000001,21.58,38.84
2019-07-01,主题美化,17882.39,0.1577,95.32,253.36
2019-08-01,办公商务,48567.02,0.42829999999999996,57.19,126.12
2019-08-01,出行服务,85539.52,0.7543000000000001,49.61,156.15
2019-08-01,电话通讯,13650.16,0.1204,31.17,119.52
2019-08-01,房产服务,5007.12,0.044199999999999996,23.73,47.16
2019-08-01,健康美容,10225.52,0.0902,34.85,95.57
2019-08-01,教育学习,42897.93,0.37829999999999997,28.33,111.87
2019-08-01,金融理财,91240.85,0.8046,76.39,127.58
2019-08-01,旅游服务,18908.86,0.16670000000000001,20.21,41.32
2019-08-01,拍摄美化,40630.7,0.3583,28.81,58.3
2019-08-01,汽车服务,24600.33,0.2169,20.48,110.39
2019-08-01,生活服务,73087.09,0.6445000000000001,52.1,115.47
2019-08-01,实用工具,52154.51,0.45990000000000003,41.97,119.76
2019-08-01,手机游戏,78226.93,0.6898000000000001,139.03,1242.12
2019-08-01,数字阅读,49027.64,0.43229999999999996,82.85,528.32
2019-08-01,系统工具,100157.54,0.8832,1673.12,1443.13
2019-08-01,新闻资讯,69487.99,0.6128,108.32,962.81
2019-08-01,医疗服务,2725.08,0.024,21.34,49.93
2019-08-01,移动购物,97522.24,0.86,114.44,360.76
2019-08-01,移动社交,110022.41,0.9702,1392.2,2634.7
2019-08-01,移动视频,108786.29,0.9593,312.99,2188.03
2019-08-01,移动音乐,75567.8,0.6664,100.55,431.02
2019-08-01,育儿母婴,8066.64,0.0711,21.17,119.3
2019-08-01,智能设备,11817.75,0.1042,20.62,36.86
2019-08-01,主题美化,16854.75,0.14859999999999998,103.92,280.43
2019-09-01,办公商务,47175.2,0.4164,64.21,129.38
2019-09-01,出行服务,84644,0.7471,48.89,150.53
2019-09-01,电话通讯,13781.24,0.1216,36.07,127.58
2019-09-01,房产服务,4938.37,0.0436,23.1,48.43
2019-09-01,健康美容,12520.26,0.1105,31.64,77
2019-09-01,教育学习,50145.88,0.4426,34.7,114.62
2019-09-01,金融理财,91658.63,0.809,77.44,128.71
2019-09-01,旅游服务,18158.66,0.1603,20.11,40.09
2019-09-01,拍摄美化,39506.47,0.34869999999999995,27.24,54.91
2019-09-01,汽车服务,25041.88,0.221,19.56,108.37
2019-09-01,生活服务,69999.28,0.6178,53.25,117.55
2019-09-01,实用工具,49258.78,0.43479999999999996,37.73,107.24
2019-09-01,手机游戏,64703.23,0.5710999999999999,128.9,1114.37
2019-09-01,数字阅读,46957.63,0.41450000000000004,77.06,485.6
2019-09-01,系统工具,100067.29,0.8832,1550.5,1377.03
2019-09-01,新闻资讯,69326.39,0.6119,104.42,971.56
2019-09-01,医疗服务,2801.22,0.024700000000000003,20.65,47.72
2019-09-01,移动购物,97685.81,0.8622,119.02,372.78
2019-09-01,移动社交,109502.8,0.9665,1391.67,2666.55
2019-09-01,移动视频,107995.2,0.9531999999999999,276.34,1981.61
2019-09-01,移动音乐,73439.9,0.6481999999999999,99.34,419.48
2019-09-01,育儿母婴,7935.77,0.07,19.91,121.58
2019-09-01,智能设备,11433.32,0.1009,22.31,40.16
2019-09-01,主题美化,15586.52,0.1376,100.86,288.44
2019-10-01,办公商务,47123.41,0.4154,68.04,136.31
2019-10-01,出行服务,86669.07,0.7641,50.17,162.92
2019-10-01,电话通讯,14155.4,0.12480000000000001,34.64,130.98
2019-10-01,房产服务,5120.46,0.0451,23.04,47.98
2019-10-01,健康美容,13840.07,0.122,33.42,78.27
2019-10-01,教育学习,50845.88,0.4483,38,128.61
2019-10-01,金融理财,91768.41,0.809,78.02,130.72
2019-10-01,旅游服务,17219.89,0.1518,18.1,35.62
2019-10-01,拍摄美化,39498.81,0.3482,29.51,58.42
2019-10-01,汽车服务,24771.71,0.2184,20.56,120.09
2019-10-01,生活服务,70068.28,0.6177,54.79,117.1
2019-10-01,实用工具,49634.65,0.4376,41.72,118.55
2019-10-01,手机游戏,64751.38,0.5709000000000001,145.14,1224.17
2019-10-01,数字阅读,46613.29,0.41100000000000003,83.27,515.5
2019-10-01,系统工具,100501.23,0.8859999999999999,1598.84,1416.35
2019-10-01,新闻资讯,69815.82,0.6154999999999999,104.89,1008.32
2019-10-01,医疗服务,2813.92,0.0248,21.26,47.93
2019-10-01,移动购物,98520.98,0.8686,134.24,410.48
2019-10-01,移动社交,109647.33,0.9667,1429.49,2736.3
2019-10-01,移动视频,107601.66,0.9486,297.88,2165.19
2019-10-01,移动音乐,74451.81,0.6564,102.18,439.46
2019-10-01,育儿母婴,7645.77,0.0674,21.27,130.36
2019-10-01,智能设备,11449.88,0.1009,22.25,40.71
2019-10-01,主题美化,17394.89,0.1534,108.33,328.43
2019-11-01,办公商务,47481.2,0.41850000000000004,71.1,134.06
2019-11-01,出行服务,84949.21,0.7487,46.39,143.44
2019-11-01,电话通讯,13427.22,0.1183,37.06,136.04
2019-11-01,房产服务,4856.14,0.042800000000000005,23.1,46.25
2019-11-01,健康美容,14055.41,0.12390000000000001,33.96,80.71
2019-11-01,教育学习,49978.21,0.44049999999999995,36.73,120.98
2019-11-01,金融理财,91804.92,0.8090999999999999,79.33,135.44
2019-11-01,旅游服务,14880.38,0.1311,17.13,34.81
2019-11-01,拍摄美化,37150.61,0.3274,27.19,54.05
2019-11-01,汽车服务,24369.38,0.2148,20.07,111.8
2019-11-01,生活服务,68203.21,0.6011,56.33,119.29
2019-11-01,实用工具,49872.3,0.4395,40.78,116.59
2019-11-01,手机游戏,60762.03,0.5355,130.23,1141.72
2019-11-01,数字阅读,46808.98,0.4125,81.52,477.63
2019-11-01,系统工具,99729.05,0.8789,1565.03,1408.93
2019-11-01,新闻资讯,69696.81,0.6142,102.51,959.39
2019-11-01,医疗服务,2815.47,0.0248,20.89,47.29
2019-11-01,移动购物,99012.51,0.8726,152.17,457.91
2019-11-01,移动社交,109931.45,0.9688,1369.85,2648.15
2019-11-01,移动视频,107816.65,0.9501999999999999,283.98,2102.34
2019-11-01,移动音乐,74207.09,0.654,97.79,415.96
2019-11-01,育儿母婴,7612.72,0.06709999999999999,20.97,112.55
2019-11-01,智能设备,11460.47,0.10099999999999999,22.21,40.3
2019-11-01,主题美化,14924.8,0.1315,115.62,348.02
2019-12-01,办公商务,47884.4,0.4205,75.7,146.3
2019-12-01,出行服务,85547.79,0.7513,47.76,144.46
2019-12-01,电话通讯,13382.7,0.1175,37.99,142.63
2019-12-01,房产服务,4883.98,0.0429,23.02,50.44
2019-12-01,健康美容,12193.39,0.10710000000000001,34.18,91.39
2019-12-01,教育学习,50229.67,0.4411,38.07,126.04
2019-12-01,金融理财,92257.27,0.8101999999999999,85.02,144.22
2019-12-01,旅游服务,16595.89,0.1457,20.87,41.71
2019-12-01,拍摄美化,37057.54,0.32539999999999997,27.65,54.81
2019-12-01,汽车服务,25063.06,0.22010000000000002,20.55,114.63
2019-12-01,生活服务,70139.06,0.6159,58.59,121.58
2019-12-01,实用工具,49685.8,0.4363,43.51,124.15
2019-12-01,手机游戏,62768.7,0.5512,139.55,1189.06
2019-12-01,数字阅读,46727.29,0.4103,85.2,491.46
2019-12-01,系统工具,100364.68,0.8814,1632.24,1476.23
2019-12-01,新闻资讯,69610.55,0.6113000000000001,106.19,1000.69
2019-12-01,医疗服务,2759.55,0.0242,21.18,49.87
2019-12-01,移动购物,96532.53,0.8477,134.59,450.49
2019-12-01,移动社交,110311.12,0.9687,1430.44,2803.89
2019-12-01,移动视频,108231.11,0.9505,305.94,2216.15
2019-12-01,移动音乐,74605.32,0.6552,99.22,424.14
2019-12-01,育儿母婴,7796.18,0.06849999999999999,21.4,123.29
2019-12-01,智能设备,11582.52,0.1017,22.1,40.68
2019-12-01,主题美化,14573.29,0.128,118.49,355.94
2020-01-01,办公商务,46629.21,0.4071,62,124.32
2020-01-01,出行服务,86901.36,0.7587,41.46,134.85
2020-01-01,电话通讯,12752.34,0.11130000000000001,33.08,123.33
2020-01-01,房产服务,4886.59,0.042699999999999995,14.89,36.13
2020-01-01,健康美容,10575.97,0.09230000000000001,30.18,87.04
2020-01-01,教育学习,50672.12,0.4424,27.38,101.24
2020-01-01,金融理财,92709.49,0.8094,79.19,139.75
2020-01-01,旅游服务,16083.61,0.1404,19.65,38.83
2020-01-01,拍摄美化,40690.26,0.3552,25.86,52.07
2020-01-01,汽车服务,25676.61,0.2242,16.6,98.29
2020-01-01,生活服务,67995.69,0.5936,44.88,95.58
2020-01-01,实用工具,52614.58,0.4594,41.69,118.18
2020-01-01,手机游戏,73146.06,0.6386,157.17,1382.36
2020-01-01,数字阅读,53505.86,0.4671,77.03,461.64
2020-01-01,系统工具,102495.31,0.8948,1794.31,1474.96
2020-01-01,新闻资讯,78359.4,0.6840999999999999,102.88,984.61
2020-01-01,医疗服务,3119.07,0.027200000000000002,16.46,37.64
2020-01-01,移动购物,96994.06,0.8468000000000001,105.71,354.15
2020-01-01,移动社交,111126.33,0.9702,1462.98,2835
2020-01-01,移动视频,110048.18,0.9608,369.13,2586.21
2020-01-01,移动音乐,75965.32,0.6631999999999999,89,379.77
2020-01-01,育儿母婴,7666.68,0.0669,20.02,127.61
2020-01-01,智能设备,11944.23,0.1043,19.9,36.4
2020-01-01,主题美化,15814.93,0.1381,109.26,298.45
2020-02-01,办公商务,60283.62,0.5244,145.78,336.19
2020-02-01,出行服务,65843.21,0.5728,16.85,52.15
2020-02-01,电话通讯,12777.45,0.1112,26.88,116.35
2020-02-01,房产服务,4933.16,0.0429,15.31,40.75
2020-02-01,健康美容,12605.37,0.1097,28.07,90.01
2020-02-01,教育学习,63432.53,0.5518,65.92,217.24
2020-02-01,金融理财,91397.77,0.7951,59.18,95.3
2020-02-01,旅游服务,9900.02,0.0861,10.68,19.97
2020-02-01,拍摄美化,40312.76,0.3507,27.28,54.38
2020-02-01,汽车服务,21735.5,0.1891,13.88,84.07
2020-02-01,生活服务,61823.78,0.5378000000000001,32.79,64.71
2020-02-01,实用工具,52140.31,0.4536,41.38,120.51
2020-02-01,手机游戏,76571.35,0.6661,186.3,1674.38
2020-02-01,数字阅读,52931.35,0.46049999999999996,91.2,537.51
2020-02-01,系统工具,105498.77,0.9178000000000001,1803.39,1625.34
2020-02-01,新闻资讯,76089.46,0.6618999999999999,116.71,1115.56
2020-02-01,医疗服务,2888.7,0.025099999999999997,15.13,32.91
2020-02-01,移动购物,95551.61,0.8312,102.99,350.95
2020-02-01,移动社交,111605.69,0.9709,1436.12,2984.56
2020-02-01,移动视频,111878.03,0.9732999999999999,405.22,2932.35
2020-02-01,移动音乐,76062.3,0.6617000000000001,81.64,340.75
2020-02-01,育儿母婴,7808.32,0.0679,20.21,123.95
2020-02-01,智能设备,10798.24,0.09390000000000001,15.8,29.31
2020-02-01,主题美化,14634.14,0.1273,100.14,247.88
2020-03-01,办公商务,65497.38,0.5668,213.57,548.03
2020-03-01,出行服务,75911.37,0.6568999999999999,32.47,110.8
2020-03-01,电话通讯,12369.18,0.107,31.7,128.33
2020-03-01,房产服务,5957.85,0.0516,22.65,55.22
2020-03-01,健康美容,11675.93,0.10099999999999999,43.98,130.2
2020-03-01,教育学习,61959.49,0.5362,89.82,275.69
2020-03-01,金融理财,94696.54,0.8195,72.31,113.49
2020-03-01,旅游服务,10437.56,0.09029999999999999,11.13,19.38
2020-03-01,拍摄美化,40623.89,0.35159999999999997,29.56,57.71
2020-03-01,汽车服务,22985.58,0.1989,17.54,97.56
2020-03-01,生活服务,67819.96,0.5869,52.02,105.22
2020-03-01,实用工具,54786.97,0.47409999999999997,44.34,127.94
2020-03-01,手机游戏,70563.97,0.6106,202.42,1827.7
2020-03-01,数字阅读,49096.61,0.4249,107.39,617.42
2020-03-01,系统工具,104474.45,0.9041,1943.33,1660.88
2020-03-01,新闻资讯,70809.17,0.6128,121.01,1127.36
2020-03-01,医疗服务,2672.7,0.0231,19.8,41.21
2020-03-01,移动购物,95813.81,0.8292,140.45,469.05
2020-03-01,移动社交,112494.03,0.9734999999999999,1504.16,3046.75
2020-03-01,移动视频,111060.28,0.9611,402.23,2804.04
2020-03-01,移动音乐,75284.68,0.6515000000000001,94.43,406.98
2020-03-01,育儿母婴,7586.88,0.06570000000000001,22.33,131.14
2020-03-01,智能设备,11076.62,0.0959,20.23,37.85
2020-03-01,主题美化,13923.47,0.12050000000000001,110.01,270.53
2020-04-01,办公商务,62096.95,0.535,167.8,424.48
2020-04-01,出行服务,81005.35,0.698,42.47,147.07
2020-04-01,电话通讯,12068.67,0.10400000000000001,31.03,125.21
2020-04-01,房产服务,6232.7,0.0537,24.37,60.14
2020-04-01,健康美容,11379.49,0.098,47.02,138.49
2020-04-01,教育学习,55453.82,0.4778,71.16,232.74
2020-04-01,金融理财,94798.1,0.8168000000000001,71.9,108.89
2020-04-01,旅游服务,10757.66,0.09269999999999999,12.96,22.78
2020-04-01,拍摄美化,37311.05,0.3215,28.09,53.92
2020-04-01,汽车服务,24171.74,0.20829999999999999,20.56,114.6
2020-04-01,生活服务,68980.07,0.5943,57.99,118.76
2020-04-01,实用工具,52198.27,0.4497,43.79,126.32
2020-04-01,手机游戏,66448.35,0.5725,175.86,1565.14
2020-04-01,数字阅读,45776.68,0.3944,102.45,583.05
2020-04-01,系统工具,102318.37,0.8815999999999999,1826.77,1530.53
2020-04-01,新闻资讯,69095.25,0.5953,107.08,1014.73
2020-04-01,医疗服务,2656.57,0.0229,19.82,40.42
2020-04-01,移动购物,95387.11,0.8219,139.51,467.55
2020-04-01,移动社交,111492.41,0.9606,1387,2738.67
2020-04-01,移动视频,109727.08,0.9454,358.29,2487.2
2020-04-01,移动音乐,75460.93,0.6502,88.78,379.79
2020-04-01,育儿母婴,7424.48,0.064,21.56,120.99
2020-04-01,智能设备,11085.66,0.0955,21.54,40.32
2020-04-01,主题美化,13080.92,0.1127,102.54,265.24
2020-05-01,办公商务,60331.54,0.5184000000000001,114.53,248.6
2020-05-01,出行服务,85922.45,0.7383,48.25,158.27
2020-05-01,电话通讯,12265.69,0.1054,30.76,125.81
2020-05-01,房产服务,6743.81,0.0579,25.1,58.39
2020-05-01,健康美容,12039.45,0.1035,49.91,146.8
2020-05-01,教育学习,52595.97,0.45189999999999997,48.94,170.75
2020-05-01,金融理财,97708.8,0.8395999999999999,74.23,110.96
2020-05-01,旅游服务,11516.12,0.099,14.78,25.32
2020-05-01,拍摄美化,36265.09,0.3116,28.29,53.1
2020-05-01,汽车服务,25827.78,0.22190000000000001,22.23,119.26
2020-05-01,生活服务,69216.9,0.5948,62.45,129.17
2020-05-01,实用工具,52055.27,0.4473,44.96,120.37
2020-05-01,手机游戏,62197.1,0.5344,162.27,1424.94
2020-05-01,数字阅读,43598.42,0.3746,103.25,581.95
2020-05-01,系统工具,103018.08,0.8852,1724.42,1501.46
2020-05-01,新闻资讯,69307.36,0.5954999999999999,103.9,1003.94
2020-05-01,医疗服务,2713.07,0.0233,19.49,40.29
2020-05-01,移动购物,98776.29,0.8488,151.9,510.44
2020-05-01,移动社交,111997.42,0.9623999999999999,1394.44,2656.66
2020-05-01,移动视频,109932.12,0.9445999999999999,360.48,2513.57
2020-05-01,移动音乐,74812.36,0.6428,88.69,380.13
2020-05-01,育儿母婴,7623.31,0.0655,21.76,117.5
2020-05-01,智能设备,11845.56,0.1018,23.69,42.03
2020-05-01,主题美化,11499.85,0.09880000000000001,110.04,294.11
2020-06-01,办公商务,58881.75,0.5103,89.95,175.32
2020-06-01,出行服务,86029.64,0.7456,47.98,148.72
2020-06-01,电话通讯,12264.25,0.1063,28.9,119.97
2020-06-01,房产服务,6917.12,0.0599,23.76,53.18
2020-06-01,健康美容,12003.52,0.10400000000000001,45.91,135.23
2020-06-01,教育学习,49010.81,0.42469999999999997,41.52,145.51
2020-06-01,金融理财,100458.35,0.8706,74.2,111.41
2020-06-01,旅游服务,11695.6,0.1014,15.84,27.99
2020-06-01,拍摄美化,35061.34,0.3039,24.78,46.84
2020-06-01,汽车服务,26169.63,0.2268,21.84,115.12
2020-06-01,生活服务,71375.36,0.6186,61.55,126.5
2020-06-01,实用工具,51233.33,0.444,43.78,117.68
2020-06-01,手机游戏,58725.55,0.5089,138.81,1194.14
2020-06-01,数字阅读,44002.04,0.38130000000000003,103.92,607.9
2020-06-01,系统工具,103910.66,0.9005,1657.46,1430.39
2020-06-01,新闻资讯,69256.2,0.6002000000000001,103.66,989.9
2020-06-01,医疗服务,2697.3,0.023399999999999997,19.42,40.41
2020-06-01,移动购物,100158.81,0.868,147.94,505.46
2020-06-01,移动社交,111752.38,0.9684999999999999,1309.63,2478.87
2020-06-01,移动视频,110487.65,0.9575,334.25,2376.78
2020-06-01,移动音乐,72863.8,0.6315,83.38,355.47
2020-06-01,育儿母婴,7474.17,0.06480000000000001,20.47,107.49
2020-06-01,智能设备,11996.88,0.10400000000000001,24.04,41.16
2020-06-01,主题美化,9942.54,0.0862,111.21,291.83
2020-07-01,办公商务,56940.66,0.4939,76.76,141.6
2020-07-01,出行服务,91592.78,0.7944,49.84,144.79
2020-07-01,电话通讯,11983.29,0.1039,26.59,112.69
2020-07-01,房产服务,7301.01,0.0633,23,48.2
2020-07-01,健康美容,12356.61,0.1072,43.31,120.37
2020-07-01,教育学习,48124.92,0.4174,31.86,127.83
2020-07-01,金融理财,99991.78,0.8673000000000001,80.58,118.77
2020-07-01,旅游服务,12905,0.1119,17.99,32.22
2020-07-01,拍摄美化,38098.34,0.33039999999999997,24.91,44.54
2020-07-01,汽车服务,26474.51,0.2296,24.07,119.6
2020-07-01,生活服务,70708.26,0.6133,64.87,133.22
2020-07-01,实用工具,53241.84,0.4618,45.6,126.88
2020-07-01,手机游戏,61010.08,0.5292,145.04,1241.91
2020-07-01,数字阅读,44922.98,0.3896,101.76,563.74
2020-07-01,系统工具,103952.2,0.9016,1834.39,1465.42
2020-07-01,新闻资讯,67989.23,0.5897,104.17,1003.28
2020-07-01,医疗服务,2650.74,0.023,18.79,39.65
2020-07-01,移动购物,99902.38,0.8665,127.11,439.92
2020-07-01,移动社交,111649.6,0.9684,1341.08,2469.36
2020-07-01,移动视频,111014.4,0.9629000000000001,361.04,2582.81
2020-07-01,移动音乐,73249.41,0.6353,84.28,336.3
2020-07-01,育儿母婴,7429.16,0.0644,20.49,102.64
2020-07-01,智能设备,12085.94,0.1048,23.8,39.94
2020-07-01,主题美化,9304.14,0.08070000000000001,112.82,272.53
